id,hospital_id,branch_name,branch_code,address,city,contact_phone,contact_email,manager_name,total_doctors,status,latitude,longitude
1,1,OrthoLife Indiranagar Medical Center - Hebbal Branch,H001-B01,Hebbal  Bengaluru,Bengaluru,7863794026,,Rajesh Kumar,4,ACTIVE,,
2,1,OrthoLife Indiranagar Medical Center - Whitefield Branch,H001-B02,Whitefield  Bengaluru,Bengaluru,8231665876,,Suresh Iyer,2,ACTIVE,,
3,1,OrthoLife Indiranagar Medical Center - Jayanagar Branch,H001-B03,Jayanagar  Bengaluru,Bengaluru,8685574443,,Manoj Singh,2,ACTIVE,,
4,1,OrthoLife Indiranagar Medical Center - Jayanagar Branch,H001-B04,Jayanagar  Bengaluru,Bengaluru,9396360576,,Divya Nair,5,ACTIVE,,
5,2,CarePlus Edappally Healthcare Hub - Kakkanad Branch,H002-B01,Kakkanad  Kochi,Kochi,7124329212,,Divya Nair,5,ACTIVE,,
6,2,CarePlus Edappally Healthcare Hub - Marine Drive Branch,H002-B02,Marine Drive  Kochi,Kochi,7767735925,,Priya Menon,4,ACTIVE,,
7,3,ApolloCare Bandra Speciality Clinic - Andheri Branch,H003-B01,Andheri  Mumbai,Mumbai,7469901398,,Manoj Singh,3,ACTIVE,,
8,3,ApolloCare Bandra Speciality Clinic - Borivali Branch,H003-B02,Borivali  Mumbai,Mumbai,9280737416,,Neha Sharma,5,INACTIVE,,
9,3,ApolloCare Bandra Speciality Clinic - Andheri Branch,H003-B03,Andheri  Mumbai,Mumbai,9328569146,,Vikram Rao,3,ACTIVE,,
10,4,HealWell Kothrud Hospital - Hinjewadi Branch,H004-B01,Hinjewadi  Pune,Pune,7015336884,,Ritika Jain,4,ACTIVE,,
11,4,HealWell Kothrud Hospital - Hadapsar Branch,H004-B02,Hadapsar  Pune,Pune,8532603323,,Suresh Iyer,2,ACTIVE,,
12,4,HealWell Kothrud Hospital - Baner Branch,H004-B03,Baner  Pune,Pune,9415521667,,Divya Nair,4,ACTIVE,,
13,4,HealWell Kothrud Hospital - Hinjewadi Branch,H004-B04,Hinjewadi  Pune,Pune,7103886291,,Amit Patel,3,ACTIVE,,
14,5,Medicare Navi Mumbai Medical Center - Bandra Branch,H005-B01,Bandra  Mumbai,Mumbai,8334722820,,Priya Menon,2,ACTIVE,,
15,5,Medicare Navi Mumbai Medical Center - Borivali Branch,H005-B02,Borivali  Mumbai,Mumbai,8419693157,,Neha Sharma,3,ACTIVE,,
16,5,Medicare Navi Mumbai Medical Center - Dadar Branch,H005-B03,Dadar  Mumbai,Mumbai,9495880395,,Amit Patel,4,ACTIVE,,
17,5,Medicare Navi Mumbai Medical Center - Navi Mumbai Branch,H005-B04,Navi Mumbai  Mumbai,Mumbai,8393852580,,Ritika Jain,2,ACTIVE,,
18,6,ApolloCare RS Puram Wellness Hospital - Saibaba Colony Branch,H006-B01,Saibaba Colony  Coimbatore,Coimbatore,7067198554,,Priya Menon,5,ACTIVE,,
19,6,ApolloCare RS Puram Wellness Hospital - Gandhipuram Branch,H006-B02,Gandhipuram  Coimbatore,Coimbatore,8813767426,,Divya Nair,5,ACTIVE,,
20,6,ApolloCare RS Puram Wellness Hospital - Saibaba Colony Branch,H006-B03,Saibaba Colony  Coimbatore,Coimbatore,8231981898,,Divya Nair,4,ACTIVE,,
21,7,SpinePlus Gandhipuram Medical Center - Saibaba Colony Branch,H007-B01,Saibaba Colony  Coimbatore,Coimbatore,7720811556,,Manoj Singh,3,ACTIVE,,
22,7,SpinePlus Gandhipuram Medical Center - Peelamedu Branch,H007-B02,Peelamedu  Coimbatore,Coimbatore,9700794200,,Manoj Singh,5,ACTIVE,,
23,7,SpinePlus Gandhipuram Medical Center - RS Puram Branch,H007-B03,RS Puram  Coimbatore,Coimbatore,8636004125,,Kavya Reddy,5,ACTIVE,,
24,8,CarePlus Marine Drive Speciality Clinic - Vyttila Branch,H008-B01,Vyttila  Kochi,Kochi,8742333059,,Ritika Jain,2,ACTIVE,,
25,8,CarePlus Marine Drive Speciality Clinic - Edappally Branch,H008-B02,Edappally  Kochi,Kochi,9861515542,,Manoj Singh,3,ACTIVE,,
26,8,CarePlus Marine Drive Speciality Clinic - Aluva Branch,H008-B03,Aluva  Kochi,Kochi,9595518426,,Priya Menon,4,ACTIVE,,
27,9,MotionCare Hadapsar Wellness Hospital - Wakad Branch,H009-B01,Wakad  Pune,Pune,7687409038,,Divya Nair,2,ACTIVE,,
28,9,MotionCare Hadapsar Wellness Hospital - Baner Branch,H009-B02,Baner  Pune,Pune,8386396096,,Suresh Iyer,3,INACTIVE,,
29,9,MotionCare Hadapsar Wellness Hospital - Kothrud Branch,H009-B03,Kothrud  Pune,Pune,7310094318,,Rajesh Kumar,2,ACTIVE,,
30,9,MotionCare Hadapsar Wellness Hospital - Hadapsar Branch,H009-B04,Hadapsar  Pune,Pune,9439852989,,Priya Menon,4,ACTIVE,,
31,10,ApolloCare Peelamedu Medical Center - Gandhipuram Branch,H010-B01,Gandhipuram  Coimbatore,Coimbatore,9580935118,,Vikram Rao,5,ACTIVE,,
32,10,ApolloCare Peelamedu Medical Center - Peelamedu Branch,H010-B02,Peelamedu  Coimbatore,Coimbatore,9659994973,,Manoj Singh,3,INACTIVE,,
33,11,HealWell Vyttila Speciality Clinic - Vyttila Branch,H011-B01,Vyttila  Kochi,Kochi,9867076604,,Divya Nair,5,ACTIVE,,
34,11,HealWell Vyttila Speciality Clinic - Aluva Branch,H011-B02,Aluva  Kochi,Kochi,8931647725,,Priya Menon,2,INACTIVE,,
35,12,MotionCare Navrangpura Speciality Clinic - Maninagar Branch,H012-B01,Maninagar  Ahmedabad,Ahmedabad,9457988942,,Vikram Rao,4,ACTIVE,,
36,12,MotionCare Navrangpura Speciality Clinic - Navrangpura Branch,H012-B02,Navrangpura  Ahmedabad,Ahmedabad,7253892187,,Manoj Singh,4,ACTIVE,,
37,13,ApolloCare Navi Mumbai Speciality Clinic - Navi Mumbai Branch,H013-B01,Navi Mumbai  Mumbai,Mumbai,9066643749,,Vikram Rao,2,ACTIVE,,
38,13,ApolloCare Navi Mumbai Speciality Clinic - Powai Branch,H013-B02,Powai  Mumbai,Mumbai,9480752034,,Vikram Rao,4,ACTIVE,,
39,13,ApolloCare Navi Mumbai Speciality Clinic - Andheri Branch,H013-B03,Andheri  Mumbai,Mumbai,7339439457,,Rajesh Kumar,2,ACTIVE,,
40,13,ApolloCare Navi Mumbai Speciality Clinic - Borivali Branch,H013-B04,Borivali  Mumbai,Mumbai,7145768321,,Amit Patel,2,ACTIVE,,
41,14,Medicare Malviya Nagar Healthcare Hub - Mansarovar Branch,H014-B01,Mansarovar  Jaipur,Jaipur,9769899927,,Vikram Rao,4,ACTIVE,,
42,14,Medicare Malviya Nagar Healthcare Hub - C Scheme Branch,H014-B02,C Scheme  Jaipur,Jaipur,7627924632,,Neha Sharma,2,ACTIVE,,
43,14,Medicare Malviya Nagar Healthcare Hub - Tonk Road Branch,H014-B03,Tonk Road  Jaipur,Jaipur,9194217942,,Vikram Rao,2,INACTIVE,,
44,14,Medicare Malviya Nagar Healthcare Hub - Malviya Nagar Branch,H014-B04,Malviya Nagar  Jaipur,Jaipur,9534864010,,Ritika Jain,4,ACTIVE,,
45,15,OrthoLife Koramangala Hospital - HSR Layout Branch,H015-B01,HSR Layout  Bengaluru,Bengaluru,7651189394,,Rajesh Kumar,2,ACTIVE,,
46,15,OrthoLife Koramangala Hospital - Koramangala Branch,H015-B02,Koramangala  Bengaluru,Bengaluru,8429608070,,Divya Nair,5,ACTIVE,,
47,16,SpinePlus Peelamedu Medical Center - Gandhipuram Branch,H016-B01,Gandhipuram  Coimbatore,Coimbatore,9714692182,,Rajesh Kumar,2,ACTIVE,,
48,16,SpinePlus Peelamedu Medical Center - Peelamedu Branch,H016-B02,Peelamedu  Coimbatore,Coimbatore,8232894633,,Divya Nair,2,INACTIVE,,
49,16,SpinePlus Peelamedu Medical Center - Saibaba Colony Branch,H016-B03,Saibaba Colony  Coimbatore,Coimbatore,9517152391,,Priya Menon,2,INACTIVE,,
50,17,SpinePlus Kakkanad Hospital - Marine Drive Branch,H017-B01,Marine Drive  Kochi,Kochi,8095229462,,Manoj Singh,2,ACTIVE,,
51,17,SpinePlus Kakkanad Hospital - Vyttila Branch,H017-B02,Vyttila  Kochi,Kochi,7389949919,,Divya Nair,5,ACTIVE,,
52,17,SpinePlus Kakkanad Hospital - Marine Drive Branch,H017-B03,Marine Drive  Kochi,Kochi,9547523112,,Vikram Rao,3,ACTIVE,,
53,17,SpinePlus Kakkanad Hospital - Aluva Branch,H017-B04,Aluva  Kochi,Kochi,9319807468,,Vikram Rao,3,ACTIVE,,
54,18,Prime Rehab Navrangpura Medical Center - Satellite Branch,H018-B01,Satellite  Ahmedabad,Ahmedabad,8955156239,,Amit Patel,3,ACTIVE,,
55,18,Prime Rehab Navrangpura Medical Center - Prahlad Nagar Branch,H018-B02,Prahlad Nagar  Ahmedabad,Ahmedabad,8818970591,,Suresh Iyer,5,ACTIVE,,
56,18,Prime Rehab Navrangpura Medical Center - Maninagar Branch,H018-B03,Maninagar  Ahmedabad,Ahmedabad,8296656337,,Kavya Reddy,2,ACTIVE,,
57,18,Prime Rehab Navrangpura Medical Center - Prahlad Nagar Branch,H018-B04,Prahlad Nagar  Ahmedabad,Ahmedabad,9920457353,,Neha Sharma,3,ACTIVE,,
58,19,ARthoMove Guindy Wellness Hospital - Guindy Branch,H019-B01,Guindy  Chennai,Chennai,7030044964,,Ritika Jain,5,ACTIVE,,
59,19,ARthoMove Guindy Wellness Hospital - Adyar Branch,H019-B02,Adyar  Chennai,Chennai,9983057488,,Rajesh Kumar,3,ACTIVE,,
60,19,ARthoMove Guindy Wellness Hospital - Adyar Branch,H019-B03,Adyar  Chennai,Chennai,7338926087,,Amit Patel,3,ACTIVE,,
61,20,CarePlus Secunderabad Healthcare Hub - Gachibowli Branch,H020-B01,Gachibowli  Hyderabad,Hyderabad,7939103829,,Rajesh Kumar,5,ACTIVE,,
62,20,CarePlus Secunderabad Healthcare Hub - Gachibowli Branch,H020-B02,Gachibowli  Hyderabad,Hyderabad,7082402818,,Suresh Iyer,3,ACTIVE,,
63,20,CarePlus Secunderabad Healthcare Hub - Ameerpet Branch,H020-B03,Ameerpet  Hyderabad,Hyderabad,7590841947,,Priya Menon,4,ACTIVE,,
64,20,CarePlus Secunderabad Healthcare Hub - Banjara Hills Branch,H020-B04,Banjara Hills  Hyderabad,Hyderabad,8380274148,,Kavya Reddy,4,ACTIVE,,
65,21,Prime Rehab Malviya Nagar Healthcare Hub - C Scheme Branch,H021-B01,C Scheme  Jaipur,Jaipur,8421062941,,Vikram Rao,3,INACTIVE,,
66,21,Prime Rehab Malviya Nagar Healthcare Hub - C Scheme Branch,H021-B02,C Scheme  Jaipur,Jaipur,7643599009,,Vikram Rao,3,ACTIVE,,
67,21,Prime Rehab Malviya Nagar Healthcare Hub - Tonk Road Branch,H021-B03,Tonk Road  Jaipur,Jaipur,9662323606,,Divya Nair,5,ACTIVE,,
68,22,ApolloCare Navrangpura Rehab Institute - Bopal Branch,H022-B01,Bopal  Ahmedabad,Ahmedabad,8050281640,,Amit Patel,2,ACTIVE,,
69,22,ApolloCare Navrangpura Rehab Institute - Navrangpura Branch,H022-B02,Navrangpura  Ahmedabad,Ahmedabad,8769924277,,Neha Sharma,3,ACTIVE,,
70,23,NeuroOrtho Powai Rehab Institute - Dadar Branch,H023-B01,Dadar  Mumbai,Mumbai,8059802602,,Neha Sharma,4,INACTIVE,,
71,23,NeuroOrtho Powai Rehab Institute - Dadar Branch,H023-B02,Dadar  Mumbai,Mumbai,9956955922,,Neha Sharma,5,ACTIVE,,
72,23,NeuroOrtho Powai Rehab Institute - Navi Mumbai Branch,H023-B03,Navi Mumbai  Mumbai,Mumbai,9719670683,,Amit Patel,3,ACTIVE,,
73,24,NeuroOrtho Dwarka Healthcare Hub - Karol Bagh Branch,H024-B01,Karol Bagh  Delhi,Delhi,8527613681,,Rajesh Kumar,4,ACTIVE,,
74,24,NeuroOrtho Dwarka Healthcare Hub - Karol Bagh Branch,H024-B02,Karol Bagh  Delhi,Delhi,7828967136,,Ritika Jain,2,ACTIVE,,
75,24,NeuroOrtho Dwarka Healthcare Hub - Janakpuri Branch,H024-B03,Janakpuri  Delhi,Delhi,9716596566,,Ritika Jain,5,INACTIVE,,
76,25,CarePlus Hadapsar Wellness Hospital - Viman Nagar Branch,H025-B01,Viman Nagar  Pune,Pune,8688658348,,Priya Menon,3,ACTIVE,,
77,25,CarePlus Hadapsar Wellness Hospital - Viman Nagar Branch,H025-B02,Viman Nagar  Pune,Pune,9044318343,,Divya Nair,5,ACTIVE,,
78,25,CarePlus Hadapsar Wellness Hospital - Hadapsar Branch,H025-B03,Hadapsar  Pune,Pune,8865658189,,Priya Menon,2,ACTIVE,,
79,26,HealWell Rohini Medical Center - Rohini Branch,H026-B01,Rohini  Delhi,Delhi,9895947039,,Suresh Iyer,5,ACTIVE,,
80,26,HealWell Rohini Medical Center - Rohini Branch,H026-B02,Rohini  Delhi,Delhi,8613315553,,Priya Menon,2,ACTIVE,,
81,26,HealWell Rohini Medical Center - Lajpat Nagar Branch,H026-B03,Lajpat Nagar  Delhi,Delhi,9686562925,,Vikram Rao,3,ACTIVE,,
82,26,HealWell Rohini Medical Center - Rohini Branch,H026-B04,Rohini  Delhi,Delhi,8100115477,,Ritika Jain,3,ACTIVE,,
83,27,MotionCare Malviya Nagar Rehab Institute - Malviya Nagar Branch,H027-B01,Malviya Nagar  Jaipur,Jaipur,8735174546,,Rajesh Kumar,3,ACTIVE,,
84,27,MotionCare Malviya Nagar Rehab Institute - Tonk Road Branch,H027-B02,Tonk Road  Jaipur,Jaipur,9701501967,,Priya Menon,5,INACTIVE,,
85,27,MotionCare Malviya Nagar Rehab Institute - Mansarovar Branch,H027-B03,Mansarovar  Jaipur,Jaipur,7509656882,,Amit Patel,5,INACTIVE,,
86,27,MotionCare Malviya Nagar Rehab Institute - Tonk Road Branch,H027-B04,Tonk Road  Jaipur,Jaipur,9736556192,,Priya Menon,3,ACTIVE,,
87,28,OrthoLife Anna Nagar Rehab Institute - OMR Branch,H028-B01,OMR  Chennai,Chennai,9399799271,,Priya Menon,4,ACTIVE,,
88,28,OrthoLife Anna Nagar Rehab Institute - T Nagar Branch,H028-B02,T Nagar  Chennai,Chennai,9804466589,,Suresh Iyer,4,ACTIVE,,
89,28,OrthoLife Anna Nagar Rehab Institute - Anna Nagar Branch,H028-B03,Anna Nagar  Chennai,Chennai,8864277862,,Neha Sharma,5,ACTIVE,,
90,29,ARthoMove Malviya Nagar Medical Center - Vaishali Nagar Branch,H029-B01,Vaishali Nagar  Jaipur,Jaipur,9004364758,,Suresh Iyer,4,ACTIVE,,
91,29,ARthoMove Malviya Nagar Medical Center - C Scheme Branch,H029-B02,C Scheme  Jaipur,Jaipur,7326452573,,Ritika Jain,3,ACTIVE,,
92,29,ARthoMove Malviya Nagar Medical Center - C Scheme Branch,H029-B03,C Scheme  Jaipur,Jaipur,9380625023,,Manoj Singh,2,ACTIVE,,
93,29,ARthoMove Malviya Nagar Medical Center - Vaishali Nagar Branch,H029-B04,Vaishali Nagar  Jaipur,Jaipur,9164180446,,Amit Patel,2,ACTIVE,,
94,30,NeuroOrtho Whitefield Healthcare Hub - Hebbal Branch,H030-B01,Hebbal  Bengaluru,Bengaluru,7558774526,,Ritika Jain,3,ACTIVE,,
95,30,NeuroOrtho Whitefield Healthcare Hub - Indiranagar Branch,H030-B02,Indiranagar  Bengaluru,Bengaluru,7647904991,,Manoj Singh,4,ACTIVE,,
96,30,NeuroOrtho Whitefield Healthcare Hub - Whitefield Branch,H030-B03,Whitefield  Bengaluru,Bengaluru,9031788364,,Manoj Singh,3,ACTIVE,,
97,31,NeuroOrtho Vyttila Wellness Hospital - Aluva Branch,H031-B01,Aluva  Kochi,Kochi,8469399531,,Kavya Reddy,4,ACTIVE,,
98,31,NeuroOrtho Vyttila Wellness Hospital - Vyttila Branch,H031-B02,Vyttila  Kochi,Kochi,9280587777,,Kavya Reddy,2,ACTIVE,,
99,31,NeuroOrtho Vyttila Wellness Hospital - Vyttila Branch,H031-B03,Vyttila  Kochi,Kochi,7686708855,,Neha Sharma,2,INACTIVE,,
100,32,SpinePlus Kakkanad Hospital - Aluva Branch,H032-B01,Aluva  Kochi,Kochi,7218011308,,Priya Menon,4,ACTIVE,,
101,32,SpinePlus Kakkanad Hospital - Kakkanad Branch,H032-B02,Kakkanad  Kochi,Kochi,7041313555,,Amit Patel,5,ACTIVE,,
102,32,SpinePlus Kakkanad Hospital - Edappally Branch,H032-B03,Edappally  Kochi,Kochi,7599944261,,Priya Menon,4,ACTIVE,,
103,33,MotionCare Tonk Road Hospital - Malviya Nagar Branch,H033-B01,Malviya Nagar  Jaipur,Jaipur,7744368716,,Vikram Rao,3,INACTIVE,,
104,33,MotionCare Tonk Road Hospital - Tonk Road Branch,H033-B02,Tonk Road  Jaipur,Jaipur,9601999162,,Suresh Iyer,4,ACTIVE,,
105,34,SpinePlus Porur Speciality Clinic - Guindy Branch,H034-B01,Guindy  Chennai,Chennai,8923257273,,Suresh Iyer,4,ACTIVE,,
106,34,SpinePlus Porur Speciality Clinic - Porur Branch,H034-B02,Porur  Chennai,Chennai,7881901145,,Manoj Singh,5,ACTIVE,,
107,34,SpinePlus Porur Speciality Clinic - Guindy Branch,H034-B03,Guindy  Chennai,Chennai,8576455459,,Kavya Reddy,2,ACTIVE,,
108,34,SpinePlus Porur Speciality Clinic - OMR Branch,H034-B04,OMR  Chennai,Chennai,8527542832,,Vikram Rao,5,ACTIVE,,
109,35,MotionCare Hadapsar Wellness Hospital - Hinjewadi Branch,H035-B01,Hinjewadi  Pune,Pune,8625478009,,Ritika Jain,4,ACTIVE,,
110,35,MotionCare Hadapsar Wellness Hospital - Kothrud Branch,H035-B02,Kothrud  Pune,Pune,8630328267,,Rajesh Kumar,3,ACTIVE,,
111,36,SpinePlus Velachery Hospital - Velachery Branch,H036-B01,Velachery  Chennai,Chennai,8250507324,,Amit Patel,2,INACTIVE,,
112,36,SpinePlus Velachery Hospital - Velachery Branch,H036-B02,Velachery  Chennai,Chennai,7789885249,,Ritika Jain,2,ACTIVE,,
113,37,NeuroOrtho Singanallur Rehab Institute - Peelamedu Branch,H037-B01,Peelamedu  Coimbatore,Coimbatore,8616461526,,Priya Menon,4,ACTIVE,,
114,37,NeuroOrtho Singanallur Rehab Institute - Gandhipuram Branch,H037-B02,Gandhipuram  Coimbatore,Coimbatore,9704811353,,Rajesh Kumar,5,ACTIVE,,
115,37,NeuroOrtho Singanallur Rehab Institute - Peelamedu Branch,H037-B03,Peelamedu  Coimbatore,Coimbatore,7782546305,,Amit Patel,4,ACTIVE,,
116,37,NeuroOrtho Singanallur Rehab Institute - Singanallur Branch,H037-B04,Singanallur  Coimbatore,Coimbatore,7403883331,,Rajesh Kumar,4,ACTIVE,,
117,38,CarePlus Powai Rehab Institute - Dadar Branch,H038-B01,Dadar  Mumbai,Mumbai,9411371346,,Rajesh Kumar,3,ACTIVE,,
118,38,CarePlus Powai Rehab Institute - Powai Branch,H038-B02,Powai  Mumbai,Mumbai,7072162474,,Divya Nair,3,ACTIVE,,
119,39,ARthoMove Saibaba Colony Healthcare Hub - Gandhipuram Branch,H039-B01,Gandhipuram  Coimbatore,Coimbatore,8714057702,,Vikram Rao,4,ACTIVE,,
120,39,ARthoMove Saibaba Colony Healthcare Hub - RS Puram Branch,H039-B02,RS Puram  Coimbatore,Coimbatore,7205994476,,Manoj Singh,2,INACTIVE,,
121,39,ARthoMove Saibaba Colony Healthcare Hub - Peelamedu Branch,H039-B03,Peelamedu  Coimbatore,Coimbatore,9314594568,,Amit Patel,2,ACTIVE,,
122,39,ARthoMove Saibaba Colony Healthcare Hub - Singanallur Branch,H039-B04,Singanallur  Coimbatore,Coimbatore,8833465867,,Ritika Jain,3,ACTIVE,,
123,40,CarePlus Anna Nagar Speciality Clinic - OMR Branch,H040-B01,OMR  Chennai,Chennai,9420522589,,Suresh Iyer,5,ACTIVE,,
124,40,CarePlus Anna Nagar Speciality Clinic - Porur Branch,H040-B02,Porur  Chennai,Chennai,7824649137,,Rajesh Kumar,2,ACTIVE,,
125,40,CarePlus Anna Nagar Speciality Clinic - Guindy Branch,H040-B03,Guindy  Chennai,Chennai,8525232434,,Neha Sharma,3,ACTIVE,,
126,41,MotionCare Singanallur Hospital - Peelamedu Branch,H041-B01,Peelamedu  Coimbatore,Coimbatore,7041652726,,Rajesh Kumar,2,ACTIVE,,
127,41,MotionCare Singanallur Hospital - Peelamedu Branch,H041-B02,Peelamedu  Coimbatore,Coimbatore,8417060225,,Amit Patel,3,ACTIVE,,
128,41,MotionCare Singanallur Hospital - RS Puram Branch,H041-B03,RS Puram  Coimbatore,Coimbatore,7671603384,,Suresh Iyer,2,ACTIVE,,
129,41,MotionCare Singanallur Hospital - Saibaba Colony Branch,H041-B04,Saibaba Colony  Coimbatore,Coimbatore,8169843663,,Divya Nair,3,ACTIVE,,
130,42,SpinePlus Bopal Healthcare Hub - Maninagar Branch,H042-B01,Maninagar  Ahmedabad,Ahmedabad,9379022930,,Amit Patel,4,ACTIVE,,
131,42,SpinePlus Bopal Healthcare Hub - Navrangpura Branch,H042-B02,Navrangpura  Ahmedabad,Ahmedabad,8607456256,,Ritika Jain,5,ACTIVE,,
132,43,HealWell Powai Hospital - Navi Mumbai Branch,H043-B01,Navi Mumbai  Mumbai,Mumbai,9129835844,,Kavya Reddy,2,ACTIVE,,
133,43,HealWell Powai Hospital - Navi Mumbai Branch,H043-B02,Navi Mumbai  Mumbai,Mumbai,7307108169,,Suresh Iyer,3,ACTIVE,,
134,43,HealWell Powai Hospital - Bandra Branch,H043-B03,Bandra  Mumbai,Mumbai,8645334798,,Divya Nair,4,ACTIVE,,
135,44,ARthoMove Kukatpally Medical Center - Secunderabad Branch,H044-B01,Secunderabad  Hyderabad,Hyderabad,9350979135,,Suresh Iyer,3,ACTIVE,,
136,44,ARthoMove Kukatpally Medical Center - Secunderabad Branch,H044-B02,Secunderabad  Hyderabad,Hyderabad,8606751414,,Divya Nair,3,ACTIVE,,
137,45,HealWell Viman Nagar Wellness Hospital - Wakad Branch,H045-B01,Wakad  Pune,Pune,7449860296,,Rajesh Kumar,4,ACTIVE,,
138,45,HealWell Viman Nagar Wellness Hospital - Hadapsar Branch,H045-B02,Hadapsar  Pune,Pune,8432111549,,Rajesh Kumar,4,ACTIVE,,
139,45,HealWell Viman Nagar Wellness Hospital - Viman Nagar Branch,H045-B03,Viman Nagar  Pune,Pune,7917265134,,Suresh Iyer,3,ACTIVE,,
140,46,MotionCare Wakad Healthcare Hub - Baner Branch,H046-B01,Baner  Pune,Pune,8455797079,,Priya Menon,2,ACTIVE,,
141,46,MotionCare Wakad Healthcare Hub - Viman Nagar Branch,H046-B02,Viman Nagar  Pune,Pune,7050650696,,Ritika Jain,2,ACTIVE,,
142,46,MotionCare Wakad Healthcare Hub - Kothrud Branch,H046-B03,Kothrud  Pune,Pune,9529238352,,Neha Sharma,3,ACTIVE,,
143,47,NeuroOrtho RS Puram Wellness Hospital - Gandhipuram Branch,H047-B01,Gandhipuram  Coimbatore,Coimbatore,9651338613,,Divya Nair,5,ACTIVE,,
144,47,NeuroOrtho RS Puram Wellness Hospital - Saibaba Colony Branch,H047-B02,Saibaba Colony  Coimbatore,Coimbatore,9218216063,,Priya Menon,3,ACTIVE,,
145,48,NeuroOrtho Malviya Nagar Medical Center - Tonk Road Branch,H048-B01,Tonk Road  Jaipur,Jaipur,9660638285,,Rajesh Kumar,2,ACTIVE,,
146,48,NeuroOrtho Malviya Nagar Medical Center - Mansarovar Branch,H048-B02,Mansarovar  Jaipur,Jaipur,8834459421,,Ritika Jain,2,ACTIVE,,
147,49,NeuroOrtho Dwarka Speciality Clinic - Dwarka Branch,H049-B01,Dwarka  Delhi,Delhi,8076645362,,Priya Menon,3,ACTIVE,,
148,49,NeuroOrtho Dwarka Speciality Clinic - Karol Bagh Branch,H049-B02,Karol Bagh  Delhi,Delhi,8196034897,,Vikram Rao,3,ACTIVE,,
149,49,NeuroOrtho Dwarka Speciality Clinic - Karol Bagh Branch,H049-B03,Karol Bagh  Delhi,Delhi,9225196429,,Neha Sharma,4,ACTIVE,,
150,49,NeuroOrtho Dwarka Speciality Clinic - Lajpat Nagar Branch,H049-B04,Lajpat Nagar  Delhi,Delhi,7115685402,,Neha Sharma,5,ACTIVE,,
151,50,OrthoLife Bandra Rehab Institute - Borivali Branch,H050-B01,Borivali  Mumbai,Mumbai,9921017274,,Vikram Rao,3,ACTIVE,,
152,50,OrthoLife Bandra Rehab Institute - Powai Branch,H050-B02,Powai  Mumbai,Mumbai,8976938051,,Rajesh Kumar,4,ACTIVE,,
153,50,OrthoLife Bandra Rehab Institute - Bandra Branch,H050-B03,Bandra  Mumbai,Mumbai,8818077949,,Manoj Singh,2,ACTIVE,,
154,51,NeuroOrtho Rohini Wellness Hospital - Janakpuri Branch,H051-B01,Janakpuri  Delhi,Delhi,9649144533,,Kavya Reddy,5,ACTIVE,,
155,51,NeuroOrtho Rohini Wellness Hospital - Janakpuri Branch,H051-B02,Janakpuri  Delhi,Delhi,8455278762,,Manoj Singh,5,ACTIVE,,
156,52,OrthoLife Porur Medical Center - OMR Branch,H052-B01,OMR  Chennai,Chennai,9624088516,,Ritika Jain,3,ACTIVE,,
157,52,OrthoLife Porur Medical Center - Tambaram Branch,H052-B02,Tambaram  Chennai,Chennai,8942691548,,Suresh Iyer,5,INACTIVE,,
158,52,OrthoLife Porur Medical Center - Porur Branch,H052-B03,Porur  Chennai,Chennai,9523700877,,Priya Menon,5,ACTIVE,,
159,52,OrthoLife Porur Medical Center - OMR Branch,H052-B04,OMR  Chennai,Chennai,9617568634,,Ritika Jain,4,ACTIVE,,
160,53,Prime Rehab Wakad Hospital - Hadapsar Branch,H053-B01,Hadapsar  Pune,Pune,7669677813,,Vikram Rao,4,ACTIVE,,
161,53,Prime Rehab Wakad Hospital - Hadapsar Branch,H053-B02,Hadapsar  Pune,Pune,8828982182,,Kavya Reddy,4,ACTIVE,,
162,54,SpinePlus Saket Hospital - Saket Branch,H054-B01,Saket  Delhi,Delhi,9726558132,,Priya Menon,5,ACTIVE,,
163,54,SpinePlus Saket Hospital - Lajpat Nagar Branch,H054-B02,Lajpat Nagar  Delhi,Delhi,8901688404,,Priya Menon,5,ACTIVE,,
164,54,SpinePlus Saket Hospital - Lajpat Nagar Branch,H054-B03,Lajpat Nagar  Delhi,Delhi,9283986391,,Rajesh Kumar,2,INACTIVE,,
165,55,ARthoMove Kothrud Medical Center - Viman Nagar Branch,H055-B01,Viman Nagar  Pune,Pune,8544727879,,Vikram Rao,3,ACTIVE,,
166,55,ARthoMove Kothrud Medical Center - Kothrud Branch,H055-B02,Kothrud  Pune,Pune,9887447321,,Priya Menon,5,INACTIVE,,
167,55,ARthoMove Kothrud Medical Center - Viman Nagar Branch,H055-B03,Viman Nagar  Pune,Pune,7970126831,,Manoj Singh,4,ACTIVE,,
168,56,CarePlus Kothrud Speciality Clinic - Wakad Branch,H056-B01,Wakad  Pune,Pune,7529083116,,Neha Sharma,5,ACTIVE,,
169,56,CarePlus Kothrud Speciality Clinic - Hinjewadi Branch,H056-B02,Hinjewadi  Pune,Pune,8308788752,,Rajesh Kumar,5,ACTIVE,,
170,56,CarePlus Kothrud Speciality Clinic - Hinjewadi Branch,H056-B03,Hinjewadi  Pune,Pune,7265574744,,Neha Sharma,3,ACTIVE,,
171,56,CarePlus Kothrud Speciality Clinic - Baner Branch,H056-B04,Baner  Pune,Pune,8640280280,,Amit Patel,3,ACTIVE,,
172,57,MotionCare Vyttila Medical Center - Marine Drive Branch,H057-B01,Marine Drive  Kochi,Kochi,7602786348,,Ritika Jain,5,ACTIVE,,
173,57,MotionCare Vyttila Medical Center - Aluva Branch,H057-B02,Aluva  Kochi,Kochi,7981588322,,Suresh Iyer,4,ACTIVE,,
174,57,MotionCare Vyttila Medical Center - Aluva Branch,H057-B03,Aluva  Kochi,Kochi,9740794344,,Suresh Iyer,4,ACTIVE,,
175,58,ApolloCare Prahlad Nagar Wellness Hospital - Navrangpura Branch,H058-B01,Navrangpura  Ahmedabad,Ahmedabad,7246935516,,Neha Sharma,5,ACTIVE,,
176,58,ApolloCare Prahlad Nagar Wellness Hospital - Bopal Branch,H058-B02,Bopal  Ahmedabad,Ahmedabad,8930966634,,Divya Nair,2,ACTIVE,,
177,58,ApolloCare Prahlad Nagar Wellness Hospital - Bopal Branch,H058-B03,Bopal  Ahmedabad,Ahmedabad,7537256563,,Ritika Jain,3,ACTIVE,,
178,59,SpinePlus Janakpuri Wellness Hospital - Lajpat Nagar Branch,H059-B01,Lajpat Nagar  Delhi,Delhi,9965913118,,Kavya Reddy,5,INACTIVE,,
179,59,SpinePlus Janakpuri Wellness Hospital - Karol Bagh Branch,H059-B02,Karol Bagh  Delhi,Delhi,8466766749,,Kavya Reddy,2,ACTIVE,,
180,59,SpinePlus Janakpuri Wellness Hospital - Saket Branch,H059-B03,Saket  Delhi,Delhi,8384503559,,Suresh Iyer,5,ACTIVE,,
181,59,SpinePlus Janakpuri Wellness Hospital - Saket Branch,H059-B04,Saket  Delhi,Delhi,7284014407,,Priya Menon,2,ACTIVE,,
182,60,MotionCare Navi Mumbai Speciality Clinic - Bandra Branch,H060-B01,Bandra  Mumbai,Mumbai,7723805712,,Manoj Singh,2,ACTIVE,,
183,60,MotionCare Navi Mumbai Speciality Clinic - Bandra Branch,H060-B02,Bandra  Mumbai,Mumbai,8494228514,,Suresh Iyer,2,ACTIVE,,
184,61,HealWell Satellite Medical Center - Prahlad Nagar Branch,H061-B01,Prahlad Nagar  Ahmedabad,Ahmedabad,9968076879,,Kavya Reddy,2,ACTIVE,,
185,61,HealWell Satellite Medical Center - Satellite Branch,H061-B02,Satellite  Ahmedabad,Ahmedabad,9909789207,,Kavya Reddy,3,INACTIVE,,
186,61,HealWell Satellite Medical Center - Satellite Branch,H061-B03,Satellite  Ahmedabad,Ahmedabad,9285814273,,Neha Sharma,4,INACTIVE,,
187,61,HealWell Satellite Medical Center - Prahlad Nagar Branch,H061-B04,Prahlad Nagar  Ahmedabad,Ahmedabad,9693924962,,Amit Patel,3,ACTIVE,,
188,62,SpinePlus Hinjewadi Rehab Institute - Hadapsar Branch,H062-B01,Hadapsar  Pune,Pune,8873346676,,Kavya Reddy,5,ACTIVE,,
189,62,SpinePlus Hinjewadi Rehab Institute - Kothrud Branch,H062-B02,Kothrud  Pune,Pune,8418868287,,Rajesh Kumar,4,INACTIVE,,
190,62,SpinePlus Hinjewadi Rehab Institute - Viman Nagar Branch,H062-B03,Viman Nagar  Pune,Pune,7902416177,,Rajesh Kumar,3,ACTIVE,,
191,62,SpinePlus Hinjewadi Rehab Institute - Baner Branch,H062-B04,Baner  Pune,Pune,9859017524,,Amit Patel,2,ACTIVE,,
192,63,SpinePlus Tambaram Healthcare Hub - OMR Branch,H063-B01,OMR  Chennai,Chennai,7109728938,,Priya Menon,3,ACTIVE,,
193,63,SpinePlus Tambaram Healthcare Hub - Tambaram Branch,H063-B02,Tambaram  Chennai,Chennai,7627181063,,Divya Nair,2,ACTIVE,,
194,64,HealWell Edappally Speciality Clinic - Marine Drive Branch,H064-B01,Marine Drive  Kochi,Kochi,7284746978,,Priya Menon,4,ACTIVE,,
195,64,HealWell Edappally Speciality Clinic - Edappally Branch,H064-B02,Edappally  Kochi,Kochi,9293004492,,Manoj Singh,3,ACTIVE,,
196,65,NeuroOrtho Navi Mumbai Wellness Hospital - Andheri Branch,H065-B01,Andheri  Mumbai,Mumbai,8999717908,,Priya Menon,4,ACTIVE,,
197,65,NeuroOrtho Navi Mumbai Wellness Hospital - Powai Branch,H065-B02,Powai  Mumbai,Mumbai,9043654519,,Suresh Iyer,2,ACTIVE,,
198,65,NeuroOrtho Navi Mumbai Wellness Hospital - Andheri Branch,H065-B03,Andheri  Mumbai,Mumbai,7150261554,,Priya Menon,3,ACTIVE,,
199,65,NeuroOrtho Navi Mumbai Wellness Hospital - Powai Branch,H065-B04,Powai  Mumbai,Mumbai,7255922719,,Amit Patel,3,ACTIVE,,
200,66,NeuroOrtho RS Puram Hospital - Saibaba Colony Branch,H066-B01,Saibaba Colony  Coimbatore,Coimbatore,7037247094,,Suresh Iyer,2,INACTIVE,,
201,66,NeuroOrtho RS Puram Hospital - Saibaba Colony Branch,H066-B02,Saibaba Colony  Coimbatore,Coimbatore,7857471771,,Vikram Rao,4,INACTIVE,,
202,66,NeuroOrtho RS Puram Hospital - Gandhipuram Branch,H066-B03,Gandhipuram  Coimbatore,Coimbatore,7006865232,,Neha Sharma,2,ACTIVE,,
203,67,HealWell Kakkanad Rehab Institute - Edappally Branch,H067-B01,Edappally  Kochi,Kochi,9482960462,,Manoj Singh,2,ACTIVE,,
204,67,HealWell Kakkanad Rehab Institute - Edappally Branch,H067-B02,Edappally  Kochi,Kochi,8405744870,,Manoj Singh,3,ACTIVE,,
205,67,HealWell Kakkanad Rehab Institute - Edappally Branch,H067-B03,Edappally  Kochi,Kochi,8603107773,,Kavya Reddy,4,ACTIVE,,
206,68,Medicare C Scheme Hospital - Malviya Nagar Branch,H068-B01,Malviya Nagar  Jaipur,Jaipur,7892733409,,Ritika Jain,4,INACTIVE,,
207,68,Medicare C Scheme Hospital - Vaishali Nagar Branch,H068-B02,Vaishali Nagar  Jaipur,Jaipur,9238818716,,Vikram Rao,4,ACTIVE,,
208,68,Medicare C Scheme Hospital - C Scheme Branch,H068-B03,C Scheme  Jaipur,Jaipur,9135596572,,Priya Menon,5,ACTIVE,,
209,69,SpinePlus Bandra Rehab Institute - Andheri Branch,H069-B01,Andheri  Mumbai,Mumbai,9295603029,,Rajesh Kumar,3,ACTIVE,,
210,69,SpinePlus Bandra Rehab Institute - Bandra Branch,H069-B02,Bandra  Mumbai,Mumbai,8855971189,,Kavya Reddy,5,ACTIVE,,
211,70,Prime Rehab Aluva Speciality Clinic - Vyttila Branch,H070-B01,Vyttila  Kochi,Kochi,9404388015,,Manoj Singh,3,ACTIVE,,
212,70,Prime Rehab Aluva Speciality Clinic - Aluva Branch,H070-B02,Aluva  Kochi,Kochi,7654594806,,Priya Menon,3,INACTIVE,,
213,71,MotionCare Karol Bagh Rehab Institute - Rohini Branch,H071-B01,Rohini  Delhi,Delhi,9915593989,,Kavya Reddy,5,ACTIVE,,
214,71,MotionCare Karol Bagh Rehab Institute - Lajpat Nagar Branch,H071-B02,Lajpat Nagar  Delhi,Delhi,9638384607,,Vikram Rao,4,ACTIVE,,
215,71,MotionCare Karol Bagh Rehab Institute - Saket Branch,H071-B03,Saket  Delhi,Delhi,7224017328,,Neha Sharma,2,ACTIVE,,
216,72,ApolloCare Banjara Hills Rehab Institute - Gachibowli Branch,H072-B01,Gachibowli  Hyderabad,Hyderabad,9113431532,,Divya Nair,3,ACTIVE,,
217,72,ApolloCare Banjara Hills Rehab Institute - Gachibowli Branch,H072-B02,Gachibowli  Hyderabad,Hyderabad,8857302394,,Kavya Reddy,4,ACTIVE,,
218,72,ApolloCare Banjara Hills Rehab Institute - Kukatpally Branch,H072-B03,Kukatpally  Hyderabad,Hyderabad,9649289638,,Amit Patel,5,INACTIVE,,
219,73,HealWell Gachibowli Wellness Hospital - Kukatpally Branch,H073-B01,Kukatpally  Hyderabad,Hyderabad,7205011600,,Ritika Jain,3,ACTIVE,,
220,73,HealWell Gachibowli Wellness Hospital - Gachibowli Branch,H073-B02,Gachibowli  Hyderabad,Hyderabad,8859919289,,Kavya Reddy,3,ACTIVE,,
221,73,HealWell Gachibowli Wellness Hospital - Ameerpet Branch,H073-B03,Ameerpet  Hyderabad,Hyderabad,7814528606,,Vikram Rao,3,ACTIVE,,
222,74,MotionCare Navi Mumbai Rehab Institute - Powai Branch,H074-B01,Powai  Mumbai,Mumbai,7160161995,,Divya Nair,4,ACTIVE,,
223,74,MotionCare Navi Mumbai Rehab Institute - Borivali Branch,H074-B02,Borivali  Mumbai,Mumbai,9061735599,,Neha Sharma,5,ACTIVE,,
224,74,MotionCare Navi Mumbai Rehab Institute - Bandra Branch,H074-B03,Bandra  Mumbai,Mumbai,9001431016,,Suresh Iyer,2,ACTIVE,,
225,74,MotionCare Navi Mumbai Rehab Institute - Navi Mumbai Branch,H074-B04,Navi Mumbai  Mumbai,Mumbai,8743339898,,Suresh Iyer,4,ACTIVE,,
226,75,ApolloCare Wakad Hospital - Kothrud Branch,H075-B01,Kothrud  Pune,Pune,8995190629,,Suresh Iyer,4,ACTIVE,,
227,75,ApolloCare Wakad Hospital - Baner Branch,H075-B02,Baner  Pune,Pune,7056522719,,Ritika Jain,3,ACTIVE,,
228,76,ApolloCare Borivali Medical Center - Powai Branch,H076-B01,Powai  Mumbai,Mumbai,9694421106,,Vikram Rao,5,ACTIVE,,
229,76,ApolloCare Borivali Medical Center - Bandra Branch,H076-B02,Bandra  Mumbai,Mumbai,7632515310,,Amit Patel,4,ACTIVE,,
230,76,ApolloCare Borivali Medical Center - Borivali Branch,H076-B03,Borivali  Mumbai,Mumbai,7654953705,,Vikram Rao,5,ACTIVE,,
231,76,ApolloCare Borivali Medical Center - Andheri Branch,H076-B04,Andheri  Mumbai,Mumbai,7887089850,,Manoj Singh,2,INACTIVE,,
232,77,OrthoLife Vyttila Hospital - Marine Drive Branch,H077-B01,Marine Drive  Kochi,Kochi,8729161693,,Suresh Iyer,4,INACTIVE,,
233,77,OrthoLife Vyttila Hospital - Kakkanad Branch,H077-B02,Kakkanad  Kochi,Kochi,9607302758,,Ritika Jain,5,ACTIVE,,
234,78,Prime Rehab Baner Speciality Clinic - Hinjewadi Branch,H078-B01,Hinjewadi  Pune,Pune,9251691306,,Neha Sharma,3,ACTIVE,,
235,78,Prime Rehab Baner Speciality Clinic - Hadapsar Branch,H078-B02,Hadapsar  Pune,Pune,8335021421,,Manoj Singh,5,ACTIVE,,
236,79,Prime Rehab Mansarovar Hospital - Mansarovar Branch,H079-B01,Mansarovar  Jaipur,Jaipur,9141689506,,Manoj Singh,4,ACTIVE,,
237,79,Prime Rehab Mansarovar Hospital - Tonk Road Branch,H079-B02,Tonk Road  Jaipur,Jaipur,9231319799,,Ritika Jain,2,ACTIVE,,
238,80,ApolloCare Tambaram Speciality Clinic - Tambaram Branch,H080-B01,Tambaram  Chennai,Chennai,9165849144,,Manoj Singh,2,ACTIVE,,
239,80,ApolloCare Tambaram Speciality Clinic - OMR Branch,H080-B02,OMR  Chennai,Chennai,8128844142,,Manoj Singh,4,ACTIVE,,
240,80,ApolloCare Tambaram Speciality Clinic - Adyar Branch,H080-B03,Adyar  Chennai,Chennai,7645482739,,Neha Sharma,4,ACTIVE,,
241,80,ApolloCare Tambaram Speciality Clinic - Velachery Branch,H080-B04,Velachery  Chennai,Chennai,9841017958,,Neha Sharma,2,ACTIVE,,
242,81,CarePlus HSR Layout Healthcare Hub - Whitefield Branch,H081-B01,Whitefield  Bengaluru,Bengaluru,9256584663,,Neha Sharma,5,ACTIVE,,
243,81,CarePlus HSR Layout Healthcare Hub - Jayanagar Branch,H081-B02,Jayanagar  Bengaluru,Bengaluru,8534353565,,Kavya Reddy,2,ACTIVE,,
244,81,CarePlus HSR Layout Healthcare Hub - HSR Layout Branch,H081-B03,HSR Layout  Bengaluru,Bengaluru,7699691787,,Ritika Jain,2,ACTIVE,,
245,81,CarePlus HSR Layout Healthcare Hub - Whitefield Branch,H081-B04,Whitefield  Bengaluru,Bengaluru,8472276439,,Rajesh Kumar,2,ACTIVE,,
246,82,ARthoMove Edappally Wellness Hospital - Marine Drive Branch,H082-B01,Marine Drive  Kochi,Kochi,9346611749,,Neha Sharma,4,ACTIVE,,
247,82,ARthoMove Edappally Wellness Hospital - Vyttila Branch,H082-B02,Vyttila  Kochi,Kochi,7543167040,,Ritika Jain,4,ACTIVE,,
248,83,ARthoMove Gandhipuram Wellness Hospital - Saibaba Colony Branch,H083-B01,Saibaba Colony  Coimbatore,Coimbatore,8192827930,,Ritika Jain,5,ACTIVE,,
249,83,ARthoMove Gandhipuram Wellness Hospital - RS Puram Branch,H083-B02,RS Puram  Coimbatore,Coimbatore,9136317762,,Vikram Rao,5,ACTIVE,,
250,83,ARthoMove Gandhipuram Wellness Hospital - Gandhipuram Branch,H083-B03,Gandhipuram  Coimbatore,Coimbatore,9437402780,,Kavya Reddy,5,ACTIVE,,
251,83,ARthoMove Gandhipuram Wellness Hospital - Peelamedu Branch,H083-B04,Peelamedu  Coimbatore,Coimbatore,7445890237,,Suresh Iyer,2,ACTIVE,,
252,84,OrthoLife Hebbal Wellness Hospital - Hebbal Branch,H084-B01,Hebbal  Bengaluru,Bengaluru,9851423704,,Divya Nair,4,ACTIVE,,
253,84,OrthoLife Hebbal Wellness Hospital - Whitefield Branch,H084-B02,Whitefield  Bengaluru,Bengaluru,8966829273,,Suresh Iyer,2,ACTIVE,,
254,84,OrthoLife Hebbal Wellness Hospital - Koramangala Branch,H084-B03,Koramangala  Bengaluru,Bengaluru,8792897092,,Vikram Rao,5,ACTIVE,,
255,84,OrthoLife Hebbal Wellness Hospital - Hebbal Branch,H084-B04,Hebbal  Bengaluru,Bengaluru,8968736894,,Divya Nair,4,ACTIVE,,
256,85,ApolloCare Ameerpet Healthcare Hub - Secunderabad Branch,H085-B01,Secunderabad  Hyderabad,Hyderabad,9311601240,,Priya Menon,3,ACTIVE,,
257,85,ApolloCare Ameerpet Healthcare Hub - Ameerpet Branch,H085-B02,Ameerpet  Hyderabad,Hyderabad,7089387559,,Amit Patel,5,ACTIVE,,
258,85,ApolloCare Ameerpet Healthcare Hub - Secunderabad Branch,H085-B03,Secunderabad  Hyderabad,Hyderabad,9575744582,,Neha Sharma,4,ACTIVE,,
259,85,ApolloCare Ameerpet Healthcare Hub - Secunderabad Branch,H085-B04,Secunderabad  Hyderabad,Hyderabad,9907651520,,Divya Nair,3,ACTIVE,,
260,86,NeuroOrtho RS Puram Hospital - Singanallur Branch,H086-B01,Singanallur  Coimbatore,Coimbatore,9837735671,,Priya Menon,4,ACTIVE,,
261,86,NeuroOrtho RS Puram Hospital - Gandhipuram Branch,H086-B02,Gandhipuram  Coimbatore,Coimbatore,9421787830,,Rajesh Kumar,2,ACTIVE,,
262,87,ARthoMove Yelahanka Wellness Hospital - Yelahanka Branch,H087-B01,Yelahanka  Bengaluru,Bengaluru,7403618406,,Vikram Rao,2,ACTIVE,,
263,87,ARthoMove Yelahanka Wellness Hospital - Jayanagar Branch,H087-B02,Jayanagar  Bengaluru,Bengaluru,9006728252,,Suresh Iyer,4,ACTIVE,,
264,87,ARthoMove Yelahanka Wellness Hospital - Indiranagar Branch,H087-B03,Indiranagar  Bengaluru,Bengaluru,9248351670,,Rajesh Kumar,2,ACTIVE,,
265,88,CarePlus Anna Nagar Speciality Clinic - Guindy Branch,H088-B01,Guindy  Chennai,Chennai,7819390154,,Divya Nair,2,ACTIVE,,
266,88,CarePlus Anna Nagar Speciality Clinic - Guindy Branch,H088-B02,Guindy  Chennai,Chennai,8388495834,,Priya Menon,3,ACTIVE,,
267,88,CarePlus Anna Nagar Speciality Clinic - Tambaram Branch,H088-B03,Tambaram  Chennai,Chennai,9223030859,,Vikram Rao,3,ACTIVE,,
268,89,OrthoLife Prahlad Nagar Hospital - Prahlad Nagar Branch,H089-B01,Prahlad Nagar  Ahmedabad,Ahmedabad,8463303494,,Neha Sharma,5,ACTIVE,,
269,89,OrthoLife Prahlad Nagar Hospital - Bopal Branch,H089-B02,Bopal  Ahmedabad,Ahmedabad,8108288346,,Divya Nair,2,ACTIVE,,
270,90,Medicare OMR Healthcare Hub - Adyar Branch,H090-B01,Adyar  Chennai,Chennai,9290554381,,Rajesh Kumar,3,ACTIVE,,
271,90,Medicare OMR Healthcare Hub - Tambaram Branch,H090-B02,Tambaram  Chennai,Chennai,9051051193,,Rajesh Kumar,2,ACTIVE,,
272,90,Medicare OMR Healthcare Hub - T Nagar Branch,H090-B03,T Nagar  Chennai,Chennai,8287333077,,Neha Sharma,3,ACTIVE,,
273,90,Medicare OMR Healthcare Hub - OMR Branch,H090-B04,OMR  Chennai,Chennai,9750261586,,Kavya Reddy,2,ACTIVE,,
274,91,ARthoMove Indiranagar Healthcare Hub - Jayanagar Branch,H091-B01,Jayanagar  Bengaluru,Bengaluru,8063447094,,Amit Patel,4,ACTIVE,,
275,91,ARthoMove Indiranagar Healthcare Hub - HSR Layout Branch,H091-B02,HSR Layout  Bengaluru,Bengaluru,7343411825,,Vikram Rao,2,ACTIVE,,
276,91,ARthoMove Indiranagar Healthcare Hub - Koramangala Branch,H091-B03,Koramangala  Bengaluru,Bengaluru,8085412447,,Manoj Singh,4,ACTIVE,,
277,92,OrthoLife Secunderabad Healthcare Hub - Kukatpally Branch,H092-B01,Kukatpally  Hyderabad,Hyderabad,8758887143,,Suresh Iyer,5,ACTIVE,,
278,92,OrthoLife Secunderabad Healthcare Hub - Kukatpally Branch,H092-B02,Kukatpally  Hyderabad,Hyderabad,7061941737,,Neha Sharma,2,ACTIVE,,
279,92,OrthoLife Secunderabad Healthcare Hub - Banjara Hills Branch,H092-B03,Banjara Hills  Hyderabad,Hyderabad,8283600651,,Ritika Jain,2,ACTIVE,,
280,93,NeuroOrtho Hadapsar Wellness Hospital - Wakad Branch,H093-B01,Wakad  Pune,Pune,7826199890,,Kavya Reddy,4,ACTIVE,,
281,93,NeuroOrtho Hadapsar Wellness Hospital - Baner Branch,H093-B02,Baner  Pune,Pune,8484690936,,Amit Patel,3,ACTIVE,,
282,93,NeuroOrtho Hadapsar Wellness Hospital - Hadapsar Branch,H093-B03,Hadapsar  Pune,Pune,8803972781,,Suresh Iyer,5,ACTIVE,,
283,93,NeuroOrtho Hadapsar Wellness Hospital - Kothrud Branch,H093-B04,Kothrud  Pune,Pune,8076015004,,Ritika Jain,3,ACTIVE,,
284,94,Medicare Mansarovar Healthcare Hub - C Scheme Branch,H094-B01,C Scheme  Jaipur,Jaipur,7885380533,,Divya Nair,4,ACTIVE,,
285,94,Medicare Mansarovar Healthcare Hub - C Scheme Branch,H094-B02,C Scheme  Jaipur,Jaipur,9086943837,,Kavya Reddy,4,ACTIVE,,
286,94,Medicare Mansarovar Healthcare Hub - Vaishali Nagar Branch,H094-B03,Vaishali Nagar  Jaipur,Jaipur,9879661130,,Amit Patel,2,ACTIVE,,
287,94,Medicare Mansarovar Healthcare Hub - C Scheme Branch,H094-B04,C Scheme  Jaipur,Jaipur,9029991202,,Divya Nair,2,ACTIVE,,
288,95,SpinePlus Navi Mumbai Wellness Hospital - Borivali Branch,H095-B01,Borivali  Mumbai,Mumbai,9052152574,,Ritika Jain,2,ACTIVE,,
289,95,SpinePlus Navi Mumbai Wellness Hospital - Andheri Branch,H095-B02,Andheri  Mumbai,Mumbai,9878697280,,Ritika Jain,4,ACTIVE,,
290,95,SpinePlus Navi Mumbai Wellness Hospital - Dadar Branch,H095-B03,Dadar  Mumbai,Mumbai,7778527532,,Manoj Singh,2,ACTIVE,,
291,95,SpinePlus Navi Mumbai Wellness Hospital - Andheri Branch,H095-B04,Andheri  Mumbai,Mumbai,7581287047,,Suresh Iyer,3,ACTIVE,,
292,96,ApolloCare RS Puram Hospital - Gandhipuram Branch,H096-B01,Gandhipuram  Coimbatore,Coimbatore,8625028451,,Neha Sharma,2,ACTIVE,,
293,96,ApolloCare RS Puram Hospital - Gandhipuram Branch,H096-B02,Gandhipuram  Coimbatore,Coimbatore,7072731256,,Amit Patel,5,ACTIVE,,
294,96,ApolloCare RS Puram Hospital - Gandhipuram Branch,H096-B03,Gandhipuram  Coimbatore,Coimbatore,9974164927,,Manoj Singh,3,ACTIVE,,
295,96,ApolloCare RS Puram Hospital - Gandhipuram Branch,H096-B04,Gandhipuram  Coimbatore,Coimbatore,9569187594,,Divya Nair,5,ACTIVE,,
296,97,ARthoMove Saibaba Colony Medical Center - Saibaba Colony Branch,H097-B01,Saibaba Colony  Coimbatore,Coimbatore,9383586558,,Kavya Reddy,2,ACTIVE,,
297,97,ARthoMove Saibaba Colony Medical Center - RS Puram Branch,H097-B02,RS Puram  Coimbatore,Coimbatore,9531234157,,Divya Nair,5,ACTIVE,,
298,97,ARthoMove Saibaba Colony Medical Center - Peelamedu Branch,H097-B03,Peelamedu  Coimbatore,Coimbatore,9222039087,,Suresh Iyer,5,ACTIVE,,
299,97,ARthoMove Saibaba Colony Medical Center - Peelamedu Branch,H097-B04,Peelamedu  Coimbatore,Coimbatore,9580376650,,Manoj Singh,5,ACTIVE,,
300,98,Prime Rehab Vaishali Nagar Hospital - Vaishali Nagar Branch,H098-B01,Vaishali Nagar  Jaipur,Jaipur,9926562319,,Neha Sharma,3,ACTIVE,,
301,98,Prime Rehab Vaishali Nagar Hospital - C Scheme Branch,H098-B02,C Scheme  Jaipur,Jaipur,8132562928,,Ritika Jain,3,ACTIVE,,
302,98,Prime Rehab Vaishali Nagar Hospital - C Scheme Branch,H098-B03,C Scheme  Jaipur,Jaipur,8958214308,,Amit Patel,5,ACTIVE,,
303,99,OrthoLife Kothrud Wellness Hospital - Kothrud Branch,H099-B01,Kothrud  Pune,Pune,8580470928,,Divya Nair,3,ACTIVE,,
304,99,OrthoLife Kothrud Wellness Hospital - Wakad Branch,H099-B02,Wakad  Pune,Pune,7612813274,,Neha Sharma,2,ACTIVE,,
305,99,OrthoLife Kothrud Wellness Hospital - Baner Branch,H099-B03,Baner  Pune,Pune,8445531905,,Manoj Singh,4,INACTIVE,,
306,99,OrthoLife Kothrud Wellness Hospital - Viman Nagar Branch,H099-B04,Viman Nagar  Pune,Pune,8764369488,,Rajesh Kumar,3,ACTIVE,,
307,100,Prime Rehab Kukatpally Healthcare Hub - Ameerpet Branch,H100-B01,Ameerpet  Hyderabad,Hyderabad,7651192045,,Rajesh Kumar,3,INACTIVE,,
308,100,Prime Rehab Kukatpally Healthcare Hub - Madhapur Branch,H100-B02,Madhapur  Hyderabad,Hyderabad,8625974015,,Divya Nair,2,ACTIVE,,
309,100,Prime Rehab Kukatpally Healthcare Hub - Kukatpally Branch,H100-B03,Kukatpally  Hyderabad,Hyderabad,9122647874,,Kavya Reddy,5,ACTIVE,,
